"Population","N","5<sup>th</sup> pctl","25<sup>th</sup> pctl","50<sup>th</sup> pctl","75<sup>th</sup> pctl","95<sup>th</sup> pctl","Mean","SD","Geo Mean","Geo SD"
"Larson 2013 8y-18y 400mg FCT meal",500,1.009018475,1.3130485,1.62612858333333,2.01445083333333,2.70805008333333,1.70798091,0.525917306211146,1.63185156143044,1.35327685508378
"Filmcoated_tablet_400mg_sd",100,1.17699236666667,1.50539483333333,1.758845,2.13835333333333,2.71945091666667,1.84867028833333,0.487693226745028,1.78568189566747,1.3056053272973
