"Population","N","5<sup>th</sup> pctl","25<sup>th</sup> pctl","50<sup>th</sup> pctl","75<sup>th</sup> pctl","95<sup>th</sup> pctl","Mean","SD","Geo Mean","Geo SD"
"Larson 2013 8y-18y 400mg FCT meal",500,0.444169192930714,0.37291169810882,0.379735614890547,0.384710628072708,0.560757949318523,0.39005307426463,3.29714763405091,NA,NA
