"PK parameter","GMFE"
"AUC",1.07354108259294
"CMAX",1.02312655046336
