"PK parameter","GMFE"
"AUC",1.11113797643167
"CMAX",1.12316080317669
