"PK parameter","GMFE"
"AUC",1.12074115933104
"CMAX",1.14966175628164
