"Population","N","5<sup>th</sup> pctl","25<sup>th</sup> pctl","50<sup>th</sup> pctl","75<sup>th</sup> pctl","95<sup>th</sup> pctl","Mean","SD","Geo Mean","Geo SD"
"Larson 2013 8y-18y 400mg FCT meal",497,3.8834446,4.609144,5.32385,6.221867,10.30928,6.26300949496982,5.56446240400488,5.63813211068588,1.43688885884374
"Filmcoated_tablet_400mg_sd",100,4.4310763,4.80306625,5.1991185,5.6824575,6.69756975,5.43843155,1.53916983305592,5.31861730251196,1.20625428408693
