"Population","N","5<sup>th</sup> pctl","25<sup>th</sup> pctl","50<sup>th</sup> pctl","75<sup>th</sup> pctl","95<sup>th</sup> pctl","Mean","SD","Geo Mean","Geo SD"
"Larson 2013 8y-18y 400mg FCT meal",500,2.54972065,3.0146425,3.4920265,4.29953175,9.4284807,3.89558219,10.4934813002159,NA,NA
"Filmcoated_tablet_400mg_sd",100,5.7404266,8.08406525,9.1959415,11.176015,16.8138155,9.98731313,3.18259370367455,9.54537732830948,1.34809199814981
