"Population","N","5<sup>th</sup> pctl","25<sup>th</sup> pctl","50<sup>th</sup> pctl","75<sup>th</sup> pctl","95<sup>th</sup> pctl","Mean","SD","Geo Mean","Geo SD"
"Larson 2013 8y-18y 400mg FCT meal",500,1.995,3.33333333333333,3.57142857142857,3.75384615384615,4,3.48683127572016,5.7926678080279,3.32438985943374,1.20492491254738
