"PK parameter","GMFE"
"AUC",1.12084040136936
"CMAX",1.1496772915115
