"PK parameter","GMFE"
"AUC",1.11121697993475
"CMAX",1.12317266641907
