"PK parameter","GMFE"
"AUC",1.07354248759405
"CMAX",1.02312528226499
