"Population","N","5<U+1D57><U+02B0> pctl","25<U+1D57><U+02B0> pctl","50<U+1D57><U+02B0> pctl","75<U+1D57><U+02B0> pctl","95<U+1D57><U+02B0> pctl","Mean","SD","Geo Mean","Geo SD"
"Larson 2013 8y-18y 400mg FCT meal",500,0.163976995,0.249891975,0.32501675,0.4128935,0.651195665,0.35697640862,0.168964129916997,0.325761770195237,1.52304125579221
"Filmcoated_tablet_400mg_sd",100,0.444896225,0.590668375,0.7217033,0.850003825,0.96805026,0.71921804,0.165872431398614,0.69964998374897,1.27093680746439
